,PC1,PC2,PC3
revenue_growth,-0.6373770979778582,0.4365595914324763,0.6349536661061445
operating_margin,0.30035996683835237,0.8996038508635356,-0.3170123054904349
gross_margin,0.709601525712979,0.01134172120123185,0.7045119161987295
